{"cameraMode":{"drawMode":0,"name":"Shaded","section":"Shading Mode"},"sceneLighting":false,"audioPlay":false,"sceneViewState":{"showFog":true,"showMaterialUpdate":false,"showSkybox":false,"showFlares":true,"showImageEffects":true,"showParticleSystems":true},"in2DMode":false,"pivot":{"x":241.00778198242188,"y":0.7503902912139893,"z":206.6312255859375},"rotation":{"x":0.01464788243174553,"y":-0.9065706133842468,"z":0.03157119080424309,"w":0.4206167459487915},"size":40.932029724121097,"orthographic":false}