{"cameraMode":{"drawMode":0,"name":"Shaded","section":"Shading Mode"},"sceneLighting":true,"audioPlay":false,"sceneViewState":{"showFog":true,"showMaterialUpdate":false,"showSkybox":true,"showFlares":true,"showImageEffects":true,"showParticleSystems":true},"in2DMode":false,"pivot":{"x":237.5184326171875,"y":1.9357630014419556,"z":205.47824096679688},"rotation":{"x":0.018831174820661546,"y":-0.9615135192871094,"z":0.06819956749677658,"w":0.26549214124679568},"size":5.830587387084961,"orthographic":false}