{"cameraMode":{"drawMode":0,"name":"Shaded","section":"Shading Mode"},"sceneLighting":false,"audioPlay":false,"sceneViewState":{"showFog":true,"showMaterialUpdate":false,"showSkybox":false,"showFlares":true,"showImageEffects":true,"showParticleSystems":true},"in2DMode":false,"pivot":{"x":526.974853515625,"y":211.26231384277345,"z":2.1712114810943605},"rotation":{"x":-0.06773986667394638,"y":-0.023347828537225724,"z":0.0015854159137234092,"w":-0.9974285364151001},"size":1904.3172607421875,"orthographic":false}